"record_status","record_type","service_line","internal_sku","supplier_item_name","tribunal_item_name","category","stock_uom","purchase_uom","units_per_purchase","current_purchase_price","current_unit_cost","cost_confidence","source_quantity","source_subtotal","quantity_on_hand","ownership","consumption_behavior","package_option","package_tags","item_tags","vendor","vendor_sku","external_variant_id","pricing_behavior","bom_rule","source_url","notes"
"VERIFIED","inventory_item","landscape","59009035","DX-300-M 300w Transformer w/ Astronomical Timer Matte Gray","DX 300W Transformer","transformer","each","each","1","379.21000","379.21000","SOURCE_DERIVED","1","379.21","","sold_to_customer","consume","Better — The Professional","better","landscape;FX-Luminaire;transformer;better","","59009035","","inventory_cost","","","Supplier cost only; Tribunal installed assembly price is $1,072"
"VERIFIED","inventory_item","landscape","59009050","EX-150-SS 150w Transformer Stainless Steel","EX 150W Transformer","transformer","each","each","1","177.97000","177.97000","SOURCE_DERIVED","1","177.97","","sold_to_customer","consume","Good — The Starter","essential","landscape;FX-Luminaire;transformer;essential","","59009050","","inventory_cost","","","Supplier cost only; Tribunal installed assembly price is $504"
"VERIFIED","inventory_item","landscape","59203512","M-PL-1LED-FB Path Light Black","Modern Path Light","fixture","each","each","1","180.44000","180.44000","SOURCE_DERIVED","1","180.44","","sold_to_customer","consume","Better — The Professional","better","landscape;FX-Luminaire;fixture;better","","59203512","","inventory_cost","","","Supplier cost only; Tribunal installed assembly price is $511"
"VERIFIED","inventory_item","landscape","59205842","TM-LED-20W-18R-FB Path Light Black","Pathway Light","fixture","each","each","1","97.43800","97.43800","SOURCE_DERIVED","5","487.19","","sold_to_customer","consume","Good — The Starter | Better — The Professional","essential;better","landscape;FX-Luminaire;fixture;essential;better","","59205842","","inventory_cost","","","Shared by Starter and Professional; subtotal-derived cost preserves invoice total; installed price is $376"
"VERIFIED","inventory_item","landscape","59213082","CA-51-P4WFL-FB CORA ACCENT BLACK","ZD Down Light","fixture","each","each","1","99.40000","99.40000","SOURCE_DERIVED","1","99.40","","sold_to_customer","consume","Best — The Premier","best","landscape;FX-Luminaire;fixture;best","","59213082","","inventory_cost","","","Tribunal uses the installed role ZD Down Light; supplier calls the body CORA Accent; assembly price is $528"
"VERIFIED","inventory_item","landscape","59213092","CA-51-E6WWF-FB CORA ACCENT BLACK","ZD Uplight | Accent Uplight","fixture","each","each","1","88.67000","88.67000","SOURCE_DERIVED","2","177.34","","sold_to_customer","consume","Best — The Premier | Better — The Professional","best;better","landscape;FX-Luminaire;fixture;best;better","","59213092","","inventory_cost","","","Two identical source rows aggregated; installed assembly prices are $411 and $386"
"VERIFIED","inventory_item","landscape","59213350","CN-51-E6WFL-CW-FB CORA IN-GRADE BLACK","CORA In-Grade | ZD In-Grade Uplight","fixture","each","each","1","89.01000","89.01000","SOURCE_DERIVED","1","89.01","","sold_to_customer","consume","Good — The Starter | Best — The Premier","essential;best","landscape;FX-Luminaire;fixture;essential;best","","59213350","","inventory_cost","","","Base CORA In-Grade belongs in Starter; Premier ZD option pairs this fixture with ZD lamp SKU 59308530; Tribunal currently references SKU 59213370 and needs synchronization"
"VERIFIED","inventory_item","landscape","59213632","HC-LED-TA-FB Top Assembly Black","ZDC Path Light | ZD Path Light — top assembly","fixture_component","each","each","1","56.50000","56.50000","SOURCE_DERIVED","1","56.50","","sold_to_customer","consume","Best — The Premier","best","landscape;FX-Luminaire;fixture-component;best","","59213632","","inventory_cost","","","Shared by two Premier path-light assemblies priced at $1,001 and $580"
"VERIFIED","inventory_item","landscape","59213710","CN-73-E9-W-FL-LG-FB CORA WELL BLACK","CORA Well Light","fixture","each","each","1","144.17000","144.17000","SOURCE_DERIVED","1","144.17","","sold_to_customer","consume","Better — The Professional","better","landscape;FX-Luminaire;fixture;better","","59213710","","inventory_cost","","","Professional package because this fixture does not have ZD; replace Tribunal placeholder CN-73 when the catalog is synchronized; current assembly price is $514"
"VERIFIED","inventory_item","landscape","59214042","EA-51-E-4W-FL-BC EVO ACCENT BLACK COMP","EVO Accent Uplight","fixture","each","each","1","41.70000","41.70000","SOURCE_DERIVED","1","41.70","","sold_to_customer","consume","Good — The Starter","essential","landscape;FX-Luminaire;fixture;essential","","59214042","","inventory_cost","","","Supplier cost only; Tribunal installed assembly price is $172"
"VERIFIED","inventory_item","landscape","59272804","SRP-40-W 40 ft Strip Light Warm White","Warm White Strip Light","strip_light","ft","each","40","608.27000","","NEEDS_VERIFICATION","1","608.27","","sold_to_customer","consume","Best — The Premier","best","landscape;FX-Luminaire;strip-light;best","","59272804","","inventory_cost","","","Premier package; confirm whether $608.27 buys one 40-foot unit before inventory valuation; Tribunal catalog item still needs synchronization; per-foot unit cost remains blank until the 40-ft purchase unit is confirmed"
"VERIFIED","inventory_item","landscape","59303512","M-PL-ZD-1LED-FB Path Light Black","ZD Modern Path Light","fixture","each","each","1","199.84000","199.84000","SOURCE_DERIVED","1","199.84","","sold_to_customer","consume","Best — The Premier","best","landscape;FX-Luminaire;fixture;best","","59303512","","inventory_cost","","","Supplier cost only; Tribunal installed assembly price is $566"
"VERIFIED","inventory_item","landscape","59304101","VO-ZD-1LED-RD-SS ROUND FACE","Silver Wall Light","fixture","each","each","1","211.43000","211.43000","SOURCE_DERIVED","1","211.43","","sold_to_customer","consume","Best — The Premier","best","landscape;FX-Luminaire;fixture;best","","59304101","","inventory_cost","","","Tribunal display name confirmed as Silver Wall Light; Premier package; catalog item still needs synchronization"
"VERIFIED","inventory_item","landscape","59306832","PO-ZD-1LED-RD-FB Wall Light Black","FX PO ZD Round Core-Drilled Wall Light — Black","fixture","each","each","1","166.76000","166.76000","SOURCE_DERIVED","1","166.76","","sold_to_customer","consume","Best — The Premier","best","landscape;FX-Luminaire;fixture;best","","59306832","","inventory_cost","","","Supplier cost exactly matches Tribunal unit cost; installed selling price remains $775"
"VERIFIED","inventory_item","landscape","59308530","ZD MR-16 5-Watt Warm Flood LED Lamp","ZD MR16 5W Lamp","lamp_module","each","each","1","56.76000","56.76000","SOURCE_DERIVED","1","56.76","","sold_to_customer","consume","Best — The Premier","best","landscape;FX-Luminaire;lamp-module;best","","59308530","","inventory_cost","","","Shared lamp used by three Premier assemblies"
"VERIFIED","inventory_item","landscape","59311122","P-ZD-1LED-18RA-FB Path Light 18 in Riser Black","ZD Path Light — 18in riser","fixture_component","each","each","1","148.52000","148.52000","SOURCE_DERIVED","1","148.52","","sold_to_customer","consume","Best — The Premier","best","landscape;FX-Luminaire;fixture-component;best","","59311122","","inventory_cost","","","Supplier cost only; Tribunal installed assembly price is $580"
"VERIFIED","inventory_item","landscape","59320292","NP-ZD-9LED-LS-FB Up Light Black","ZD Narrow Beam Accent","fixture","each","each","1","221.79500","221.79500","SOURCE_DERIVED","4","887.18","","sold_to_customer","consume","Best — The Premier","best","landscape;FX-Luminaire;fixture;best","","59320292","","inventory_cost","","","Tribunal display name and Premier package confirmed; Tribunal currently references SKU 59320262 and needs synchronization; subtotal-derived cost preserves invoice total; current assembly price is $556"
"VERIFIED","inventory_item","landscape","59400232","NP-ZDC-FB Up Light Black","ZDC Color Uplight","fixture","each","each","1","277.58700","277.58700","SOURCE_DERIVED","10","2775.87","","sold_to_customer","consume","Best — The Premier","best","landscape;FX-Luminaire;fixture;best","","59400232","","inventory_cost","","","Subtotal-derived cost preserves invoice total; Tribunal installed assembly price is $785"
"VERIFIED","inventory_item","landscape","59403532","M-PL-ZDC-FB Path Light Black","ZDC Modern Color Path Light","fixture","each","each","1","284.68143","284.68143","SOURCE_DERIVED","7","1992.77","","sold_to_customer","consume","Best — The Premier","best","landscape;FX-Luminaire;fixture;best","","59403532","","inventory_cost","","","Subtotal-derived cost preserves invoice total; Tribunal installed assembly price is $805"
"VERIFIED","inventory_item","landscape","59407330","LL-ZDC-BS UNDERWATER LIGHT","FX LL ZDC Underwater Light — Brass","fixture","each","each","1","374.36667","374.36667","SOURCE_DERIVED","3","1123.10","","sold_to_customer","consume","Best — The Premier","best","landscape;FX-Luminaire;fixture;best","","59407330","","inventory_cost","","","Subtotal-derived cost preserves invoice total; installed selling price remains $1,295"
"VERIFIED","inventory_item","landscape","59409010","WIFI-MOD-2 Luxor Wi-Fi Module","Luxor WiFi Module","controller_module","each","each","1","168.45000","168.45000","SOURCE_DERIVED","1","168.45","","sold_to_customer","consume","Best — The Premier","best","landscape;FX-Luminaire;controller-module;best","","59409010","","inventory_cost","","","Component of Tribunal Luxor Smart 300W Transformer assembly priced at $2,266"
"VERIFIED","inventory_item","landscape","59409312","LUX-300-M LUXOR 2.0 300W XFMR","Luxor Smart 300W Transformer","transformer","each","each","1","910.56000","910.56000","SOURCE_DERIVED","1","910.56","","sold_to_customer","consume","Best — The Premier","best","landscape;FX-Luminaire;transformer;best","","59409312","","inventory_cost","","","Component of Tribunal Luxor Smart 300W Transformer assembly priced at $2,266"
"VERIFIED","inventory_item","landscape","59412322","G-ZDC-18RA-FB 18 in Riser Black","ZDC Path Light — 18in riser","fixture_component","each","each","1","297.57000","297.57000","SOURCE_DERIVED","1","297.57","","sold_to_customer","consume","Best — The Premier","best","landscape;FX-Luminaire;fixture-component;best","","59412322","","inventory_cost","","","Tribunal component description currently says ZDC Path Light Body Black; supplier identifies an 18in riser; assembly price is $1,001"
"VERIFIED","inventory_item","landscape","59413032","XA-70-ZDC-WF-FB ACCENT LIGHT BLACK","ZDC Down Light","fixture","each","each","1","340.67000","340.67000","SOURCE_DERIVED","1","340.67","","sold_to_customer","consume","Best — The Premier","best","landscape;FX-Luminaire;fixture;best","","59413032","","inventory_cost","","","Tribunal names the installed orientation Down Light; supplier calls the fixture Accent Light; assembly price is $963"
"NEEDS_PHYSICAL_COUNT","inventory_item","bistro","B0DSPYBYM8","AHRLHR 6 Pack String Light Poles 10 ft Black","10-Foot Temporary Bistro Pole","support_pole","each","6-pack","6","49.99","8.33167","SNAPSHOT","","","","company_owned","checkout_return","Temporary Bistro — Shared Support","temporary_bistro;classic;color","temporary;rental;bistro;support-pole;10-ft;black;reusable;amazon","Amazon","B0DSPYBYM8","","inventory_cost","","https://www.amazon.com/dp/B0DSPYBYM8","Six adjustable 10-foot black metal poles with forked hooks; outdoor use; SNAPSHOT 2026-08-21: current listing price; actual purchase cost and on-hand pack count not provided"
"NEEDS_PHYSICAL_COUNT","inventory_item","bistro","B0B6NJ1GSK","Brightever 200FT Outdoor String Lights with 100+4 G40 Bulbs","200-Foot Classic Temporary Bistro Light Set","temporary_light_set","set","200-ft set","1","62.99","62.99000","SNAPSHOT","","","","company_owned","checkout_return","Temporary Bistro — Classic Warm White","temporary_bistro;classic","temporary;rental;bistro;classic;warm-white;2700K;200-ft;G40;dimmable;reusable;amazon","Amazon","B0B6NJ1GSK","","inventory_cost","","https://www.amazon.com/dp/B0B6NJ1GSK","200 feet; 100 sockets; 100 G40 LED bulbs plus 4 spares; 2700K warm white; dimmable; connectable; SNAPSHOT 2026-08-21: current listing price; actual purchase cost and on-hand set count not provided"
"NEEDS_PHYSICAL_COUNT","inventory_item","bistro","255C","Patio Light String E26 Medium Base 24-Inch Spacing With Suspensor 330 ft","Classic Permanent Bistro Socket Line — E26, 24-Inch Spacing","socket_line","ft","330-ft spool","330","419.00","1.26970","SNAPSHOT","","","","sold_to_customer","consume","Permanent Bistro — Classic","permanent_bistro;classic","permanent;bistro;classic;socket-line;E26;24-in-spacing;suspensor;330-ft;cut-to-length","Lights at Wholesale","255C","","inventory_cost","","https://lightsatwholesale.com/products/patio-light-string-e27medium-base-24-spacing-with-suspensor-330?variant=35354788855976","E26 medium base; 24-inch socket spacing; integrated suspensor; approximately 165 bulb positions per full spool; SNAPSHOT 2026-08-21: exact vendor variant and price verified; ordered spool count not provided"
"NEEDS_PHYSICAL_COUNT","inventory_item","bistro","515C","Plastic S14 Vintage Warm White LED Patio Bulb E26 Base — 250/Case","S14 Warm-White LED Bistro Bulb — Shatterproof","bulb","each","250-bulb case","250","419.00","1.67600","SNAPSHOT","","","","sold_to_customer","consume","Permanent Bistro — Classic","permanent_bistro;classic","permanent;bistro;classic;S14;E26;warm-white;LED;dimmable;shatterproof;outdoor","Lights at Wholesale","515C","","inventory_cost","","https://lightsatwholesale.com/products/plastic-s14-vintage-warm-white-led-patio-bulb-e26-base?variant=45867305140439","Plastic shatterproof S14 LED; E26 base; warm white; dimmable; indoor/outdoor; SNAPSHOT 2026-08-21: exact 250/case variant and price verified; bulb wattage and ordered case count not provided"
"NEEDS_PHYSICAL_COUNT","inventory_item","bistro","105P","SPT-2 Extension Wire 18/2 Zip Cord — 250 ft Black","Black SPT-2 Bistro Extension Wire","extension_wire","ft","250-ft spool","250","89.00","0.35600","SNAPSHOT","","","","sold_to_customer","consume","Permanent Bistro — Classic","permanent_bistro;classic","permanent;bistro;classic;SPT-2;18-2;black;extension-wire;250-ft;cut-to-length;shared-christmas","Lights at Wholesale","105P","","inventory_cost","","https://lightsatwholesale.com/products/zip-cord-spt-2?variant=45530068386007","Black SPT-2 18-gauge two-conductor wire; indoor/outdoor; rated 8A or 960W; SNAPSHOT 2026-08-21: exact 250-foot black variant and price verified; ordered spool count not provided"
"NEEDS_PHYSICAL_COUNT","inventory_item","bistro","056P","Black SPT-2 Male Zip Plugs — 50/Pack","Black SPT-2 Male Zip Plug","connector","each","50-pack","50","49.99","0.99980","SNAPSHOT","","","","sold_to_customer","consume","Permanent Bistro — Classic","permanent_bistro;classic","permanent;bistro;classic;SPT-2;male-plug;black;polarized;50-pack;shared-christmas","Lights at Wholesale","056P","","inventory_cost","","https://lightsatwholesale.com/products/male-plugs-spt-2?variant=45532832366807","Black polarized two-prong male vampire plug for SPT-2 wire; indoor/outdoor; SNAPSHOT 2026-08-21: exact black 50/pack variant and price verified; ordered pack count not provided"
"NEEDS_PHYSICAL_COUNT","inventory_item","bistro","062P","Black SPT-2 Female Zip Plugs With Knockout Tab — 50/Pack","Black SPT-2 Female Zip Plug — Knockout Tab","connector","each","50-pack","50","49.99","0.99980","SNAPSHOT","","","","sold_to_customer","consume","Permanent Bistro — Classic","permanent_bistro;classic","permanent;bistro;classic;SPT-2;female-plug;black;polarized;knockout-tab;50-pack;shared-christmas","Lights at Wholesale","062P","","inventory_cost","","https://lightsatwholesale.com/products/female-plugs-with-knockout-tab-spt-2?variant=45532861268183","Black polarized female vampire plug with knockout tab for SPT-2 wire; indoor/outdoor; SNAPSHOT 2026-08-21: exact black 50/pack variant and price verified; ordered pack count not provided"
"NEEDS_PHYSICAL_COUNT","inventory_item","bistro","B0C1F3ZVXS","MONKEMON 1/16-Inch 304 Stainless Wire Rope 1000 ft With 300 Crimp Sleeves","1/16-Inch Stainless Bistro Support Cable","guide_wire","ft","1000-ft kit","1000","59.99","0.05999","SNAPSHOT","","","","sold_to_customer","consume","Permanent Bistro — Shared Support","permanent_bistro;classic;color","permanent;bistro;shared-support;classic;color;guide-wire;stainless-steel;1-16-inch;1000-ft;crimp-sleeves;cut-to-length","Amazon","B0C1F3ZVXS","","inventory_cost","","https://www.amazon.com/dp/B0C1F3ZVXS","304 stainless; 7x7 strand; 1/16-inch diameter; 368-lb breaking strength; 300 aluminum sleeves included; SNAPSHOT 2026-08-21: current listing price; working-load limit, safety factor, actual purchase cost, and on-hand quantity require verification"
"NEEDS_PHYSICAL_COUNT","inventory_item","bistro","B0CHMQW45X","TREATLIFE Outdoor Dimmer Plug With 100FT Wireless Remote","Outdoor Bistro Dimmer with Remote","controller","each","each","1","24.69","24.69000","NEEDS_VERIFICATION","","","","sold_to_customer","consume","Permanent Bistro — Classic","permanent_bistro;classic","permanent;bistro;classic;dimmer;remote;IP44;120V;LED-150W;controller;amazon","Amazon","B0CHMQW45X","","inventory_cost","","https://www.amazon.com/dp/B0CHMQW45X","Model CA-DP10R; IP44; 100-foot remote range; 120V; maximum 150W dimmable LED or 400W incandescent; no timer or Wi-Fi; settings reset after power loss; NEEDS_LOAD_VERIFICATION: bulb wattage is unknown; a full 330-foot line has approximately 165 sockets and may exceed the dimmer's 150W LED limit"
"NEEDS_PHYSICAL_COUNT","inventory_item","bistro","BISTRO-PERM-POLE-CONCRETE","Permanent Bistro Light Pole With Concrete","Permanent Bistro Pole with Concrete","support_pole","each","each","1","100.00","100.00000","SNAPSHOT","","","","sold_to_customer","consume","Permanent Bistro — Shared Support","permanent_bistro;classic;color","permanent;bistro;shared-support;classic;color;support-pole;concrete;customer-owned","Internal/Local","BISTRO-PERM-POLE-CONCRETE","","inventory_cost","","","Permanent bistro support pole including concrete materials; USER_CONFIRMED_COST: $100 per completed pole with concrete; pole specification and on-hand quantity not provided"
"NEEDS_PHYSICAL_COUNT","inventory_item","bistro","B0FC6DTCX2","MARGAR Cable Stop Adjuster for 1/16-Inch Wire Rope — 50/Pack","1/16-Inch Bistro Cable Stop Adjuster","cable_adjuster","each","50-pack","50","94.99","1.89980","NEEDS_VERIFICATION","","","","sold_to_customer","consume","Permanent Bistro — Shared Support","permanent_bistro;classic;color","permanent;bistro;shared-support;classic;color;cable-stop;cable-adjuster;1-16-inch;self-locking;reusable;50-pack;amazon","Amazon","B0FC6DTCX2","","inventory_cost","","https://www.amazon.com/dp/B0FC6DTCX2","Self-locking adjustable cable stop for 1/16-inch 7x7 wire rope; 80-lb maximum static working load; 48-lb maximum dynamic working load; NEEDS_COMPATIBILITY_VERIFICATION: manufacturer specifies uncoated galvanized cable; existing Bistro support cable is 304 stainless; confirm compatibility before installation"
"NEEDS_PHYSICAL_COUNT","inventory_item","permanent_holiday","KIT-CC-100W-D","RGBW+2 DEEP Pebble Complete Kit — 100 ft / White / Dual Port WEC","Minleon RGBW+2 DEEP Pebble System — 100 ft, White, Dual Port WEC","complete_kit","kit","kit","1","1349.00","1349.00000","SNAPSHOT","","","","sold_to_customer","consume","Permanent Holiday Lighting — RGBW+2 DEEP Pebble","permanent_holiday;rgbw2;deep_pebble","permanent;holiday-lighting;Minleon;RGBW+2;DEEP-Pebble;dual-port-WEC;100-ft;white;complete-kit","Minleon Permanent Lighting","KIT-CC-100W-D","46663235698855","inventory_cost","Choose one complete kit per system","https://minleonpermanentlighting.com/products/100-ft-rgb-starter-pack-minleon-permanent-lighting-demo-kit","SNAPSHOT 2026-08-21: live Dual Port WEC variant and price verified; on-hand quantity not provided"
"NEEDS_PHYSICAL_COUNT","inventory_item","permanent_holiday","KIT-CC-100S-D","RGBW+2 DEEP Pebble Complete Kit — 100 ft / Sand / Dual Port WEC","Minleon RGBW+2 DEEP Pebble System — 100 ft, Sand, Dual Port WEC","complete_kit","kit","kit","1","1349.00","1349.00000","SNAPSHOT","","","","sold_to_customer","consume","Permanent Holiday Lighting — RGBW+2 DEEP Pebble","permanent_holiday;rgbw2;deep_pebble","permanent;holiday-lighting;Minleon;RGBW+2;DEEP-Pebble;dual-port-WEC;100-ft;sand;complete-kit","Minleon Permanent Lighting","KIT-CC-100S-D","46663235829927","inventory_cost","Choose one complete kit per system","https://minleonpermanentlighting.com/products/100-ft-rgb-starter-pack-minleon-permanent-lighting-demo-kit","SNAPSHOT 2026-08-21: live Dual Port WEC variant and price verified; on-hand quantity not provided"
"NEEDS_PHYSICAL_COUNT","inventory_item","permanent_holiday","KIT-CC-100LB-D","RGBW+2 DEEP Pebble Complete Kit — 100 ft / Light Brown / Dual Port WEC","Minleon RGBW+2 DEEP Pebble System — 100 ft, Light Brown, Dual Port WEC","complete_kit","kit","kit","1","1349.00","1349.00000","SNAPSHOT","","","","sold_to_customer","consume","Permanent Holiday Lighting — RGBW+2 DEEP Pebble","permanent_holiday;rgbw2;deep_pebble","permanent;holiday-lighting;Minleon;RGBW+2;DEEP-Pebble;dual-port-WEC;100-ft;light-brown;complete-kit","Minleon Permanent Lighting","KIT-CC-100LB-D","48097754251431","inventory_cost","Choose one complete kit per system","https://minleonpermanentlighting.com/products/100-ft-rgb-starter-pack-minleon-permanent-lighting-demo-kit","SNAPSHOT 2026-08-21: live Dual Port WEC variant and price verified; on-hand quantity not provided"
"NEEDS_PHYSICAL_COUNT","inventory_item","permanent_holiday","KIT-CC-100BR-D","RGBW+2 DEEP Pebble Complete Kit — 100 ft / Brown / Dual Port WEC","Minleon RGBW+2 DEEP Pebble System — 100 ft, Brown, Dual Port WEC","complete_kit","kit","kit","1","1349.00","1349.00000","SNAPSHOT","","","","sold_to_customer","consume","Permanent Holiday Lighting — RGBW+2 DEEP Pebble","permanent_holiday;rgbw2;deep_pebble","permanent;holiday-lighting;Minleon;RGBW+2;DEEP-Pebble;dual-port-WEC;100-ft;brown;complete-kit","Minleon Permanent Lighting","KIT-CC-100BR-D","46663235731623","inventory_cost","Choose one complete kit per system","https://minleonpermanentlighting.com/products/100-ft-rgb-starter-pack-minleon-permanent-lighting-demo-kit","SNAPSHOT 2026-08-21: live Dual Port WEC variant and price verified; on-hand quantity not provided"
"NEEDS_PHYSICAL_COUNT","inventory_item","permanent_holiday","KIT-CC-100G-D","RGBW+2 DEEP Pebble Complete Kit — 100 ft / Grey / Dual Port WEC","Minleon RGBW+2 DEEP Pebble System — 100 ft, Grey, Dual Port WEC","complete_kit","kit","kit","1","1349.00","1349.00000","SNAPSHOT","","","","sold_to_customer","consume","Permanent Holiday Lighting — RGBW+2 DEEP Pebble","permanent_holiday;rgbw2;deep_pebble","permanent;holiday-lighting;Minleon;RGBW+2;DEEP-Pebble;dual-port-WEC;100-ft;grey;complete-kit","Minleon Permanent Lighting","KIT-CC-100G-D","46663235764391","inventory_cost","Choose one complete kit per system","https://minleonpermanentlighting.com/products/100-ft-rgb-starter-pack-minleon-permanent-lighting-demo-kit","SNAPSHOT 2026-08-21: live Dual Port WEC variant and price verified; on-hand quantity not provided"
"NEEDS_PHYSICAL_COUNT","inventory_item","permanent_holiday","KIT-CC-100BK-D","RGBW+2 DEEP Pebble Complete Kit — 100 ft / Black / Dual Port WEC","Minleon RGBW+2 DEEP Pebble System — 100 ft, Black, Dual Port WEC","complete_kit","kit","kit","1","1349.00","1349.00000","SNAPSHOT","","","","sold_to_customer","consume","Permanent Holiday Lighting — RGBW+2 DEEP Pebble","permanent_holiday;rgbw2;deep_pebble","permanent;holiday-lighting;Minleon;RGBW+2;DEEP-Pebble;dual-port-WEC;100-ft;black;complete-kit","Minleon Permanent Lighting","KIT-CC-100BK-D","46663235797159","inventory_cost","Choose one complete kit per system","https://minleonpermanentlighting.com/products/100-ft-rgb-starter-pack-minleon-permanent-lighting-demo-kit","SNAPSHOT 2026-08-21: live Dual Port WEC variant and price verified; on-hand quantity not provided"
"NEEDS_PHYSICAL_COUNT","inventory_item","permanent_holiday","KIT-CC-150W-D","RGBW+2 DEEP Pebble Complete Kit — 150 ft / White / Dual Port WEC","Minleon RGBW+2 DEEP Pebble System — 150 ft, White, Dual Port WEC","complete_kit","kit","kit","1","1749.00","1749.00000","SNAPSHOT","","","","sold_to_customer","consume","Permanent Holiday Lighting — RGBW+2 DEEP Pebble","permanent_holiday;rgbw2;deep_pebble","permanent;holiday-lighting;Minleon;RGBW+2;DEEP-Pebble;dual-port-WEC;150-ft;white;complete-kit","Minleon Permanent Lighting","KIT-CC-150W-D","46663235862695","inventory_cost","Choose one complete kit per system","https://minleonpermanentlighting.com/products/100-ft-rgb-starter-pack-minleon-permanent-lighting-demo-kit","SNAPSHOT 2026-08-21: live Dual Port WEC variant and price verified; on-hand quantity not provided"
"NEEDS_PHYSICAL_COUNT","inventory_item","permanent_holiday","KIT-CC-150S-D","RGBW+2 DEEP Pebble Complete Kit — 150 ft / Sand / Dual Port WEC","Minleon RGBW+2 DEEP Pebble System — 150 ft, Sand, Dual Port WEC","complete_kit","kit","kit","1","1749.00","1749.00000","SNAPSHOT","","","","sold_to_customer","consume","Permanent Holiday Lighting — RGBW+2 DEEP Pebble","permanent_holiday;rgbw2;deep_pebble","permanent;holiday-lighting;Minleon;RGBW+2;DEEP-Pebble;dual-port-WEC;150-ft;sand;complete-kit","Minleon Permanent Lighting","KIT-CC-150S-D","46663235993767","inventory_cost","Choose one complete kit per system","https://minleonpermanentlighting.com/products/100-ft-rgb-starter-pack-minleon-permanent-lighting-demo-kit","SNAPSHOT 2026-08-21: live Dual Port WEC variant and price verified; on-hand quantity not provided"
"NEEDS_PHYSICAL_COUNT","inventory_item","permanent_holiday","KIT-CC-150LB-D","RGBW+2 DEEP Pebble Complete Kit — 150 ft / Light Brown / Dual Port WEC","Minleon RGBW+2 DEEP Pebble System — 150 ft, Light Brown, Dual Port WEC","complete_kit","kit","kit","1","1749.00","1749.00000","SNAPSHOT","","","","sold_to_customer","consume","Permanent Holiday Lighting — RGBW+2 DEEP Pebble","permanent_holiday;rgbw2;deep_pebble","permanent;holiday-lighting;Minleon;RGBW+2;DEEP-Pebble;dual-port-WEC;150-ft;light-brown;complete-kit","Minleon Permanent Lighting","KIT-CC-150LB-D","48097754349735","inventory_cost","Choose one complete kit per system","https://minleonpermanentlighting.com/products/100-ft-rgb-starter-pack-minleon-permanent-lighting-demo-kit","SNAPSHOT 2026-08-21: live Dual Port WEC variant and price verified; on-hand quantity not provided"
"NEEDS_PHYSICAL_COUNT","inventory_item","permanent_holiday","KIT-CC-150BR-D","RGBW+2 DEEP Pebble Complete Kit — 150 ft / Brown / Dual Port WEC","Minleon RGBW+2 DEEP Pebble System — 150 ft, Brown, Dual Port WEC","complete_kit","kit","kit","1","1749.00","1749.00000","SNAPSHOT","","","","sold_to_customer","consume","Permanent Holiday Lighting — RGBW+2 DEEP Pebble","permanent_holiday;rgbw2;deep_pebble","permanent;holiday-lighting;Minleon;RGBW+2;DEEP-Pebble;dual-port-WEC;150-ft;brown;complete-kit","Minleon Permanent Lighting","KIT-CC-150BR-D","46663235895463","inventory_cost","Choose one complete kit per system","https://minleonpermanentlighting.com/products/100-ft-rgb-starter-pack-minleon-permanent-lighting-demo-kit","SNAPSHOT 2026-08-21: live Dual Port WEC variant and price verified; on-hand quantity not provided"
"NEEDS_PHYSICAL_COUNT","inventory_item","permanent_holiday","KIT-CC-150G-D","RGBW+2 DEEP Pebble Complete Kit — 150 ft / Grey / Dual Port WEC","Minleon RGBW+2 DEEP Pebble System — 150 ft, Grey, Dual Port WEC","complete_kit","kit","kit","1","1749.00","1749.00000","SNAPSHOT","","","","sold_to_customer","consume","Permanent Holiday Lighting — RGBW+2 DEEP Pebble","permanent_holiday;rgbw2;deep_pebble","permanent;holiday-lighting;Minleon;RGBW+2;DEEP-Pebble;dual-port-WEC;150-ft;grey;complete-kit","Minleon Permanent Lighting","KIT-CC-150G-D","46663235928231","inventory_cost","Choose one complete kit per system","https://minleonpermanentlighting.com/products/100-ft-rgb-starter-pack-minleon-permanent-lighting-demo-kit","SNAPSHOT 2026-08-21: live Dual Port WEC variant and price verified; on-hand quantity not provided"
"NEEDS_PHYSICAL_COUNT","inventory_item","permanent_holiday","KIT-CC-150BK-D","RGBW+2 DEEP Pebble Complete Kit — 150 ft / Black / Dual Port WEC","Minleon RGBW+2 DEEP Pebble System — 150 ft, Black, Dual Port WEC","complete_kit","kit","kit","1","1749.00","1749.00000","SNAPSHOT","","","","sold_to_customer","consume","Permanent Holiday Lighting — RGBW+2 DEEP Pebble","permanent_holiday;rgbw2;deep_pebble","permanent;holiday-lighting;Minleon;RGBW+2;DEEP-Pebble;dual-port-WEC;150-ft;black;complete-kit","Minleon Permanent Lighting","KIT-CC-150BK-D","46663235960999","inventory_cost","Choose one complete kit per system","https://minleonpermanentlighting.com/products/100-ft-rgb-starter-pack-minleon-permanent-lighting-demo-kit","SNAPSHOT 2026-08-21: live Dual Port WEC variant and price verified; on-hand quantity not provided"
"NEEDS_PHYSICAL_COUNT","inventory_item","permanent_holiday","KIT-CC-200W-D","RGBW+2 DEEP Pebble Complete Kit — 200 ft / White / Dual Port WEC","Minleon RGBW+2 DEEP Pebble System — 200 ft, White, Dual Port WEC","complete_kit","kit","kit","1","2199.00","2199.00000","SNAPSHOT","","","","sold_to_customer","consume","Permanent Holiday Lighting — RGBW+2 DEEP Pebble","permanent_holiday;rgbw2;deep_pebble","permanent;holiday-lighting;Minleon;RGBW+2;DEEP-Pebble;dual-port-WEC;200-ft;white;complete-kit","Minleon Permanent Lighting","KIT-CC-200W-D","46663236026535","inventory_cost","Choose one complete kit per system","https://minleonpermanentlighting.com/products/100-ft-rgb-starter-pack-minleon-permanent-lighting-demo-kit","SNAPSHOT 2026-08-21: live Dual Port WEC variant and price verified; on-hand quantity not provided"
"NEEDS_PHYSICAL_COUNT","inventory_item","permanent_holiday","KIT-CC-200S-D","RGBW+2 DEEP Pebble Complete Kit — 200 ft / Sand / Dual Port WEC","Minleon RGBW+2 DEEP Pebble System — 200 ft, Sand, Dual Port WEC","complete_kit","kit","kit","1","2199.00","2199.00000","SNAPSHOT","","","","sold_to_customer","consume","Permanent Holiday Lighting — RGBW+2 DEEP Pebble","permanent_holiday;rgbw2;deep_pebble","permanent;holiday-lighting;Minleon;RGBW+2;DEEP-Pebble;dual-port-WEC;200-ft;sand;complete-kit","Minleon Permanent Lighting","KIT-CC-200S-D","46663236157607","inventory_cost","Choose one complete kit per system","https://minleonpermanentlighting.com/products/100-ft-rgb-starter-pack-minleon-permanent-lighting-demo-kit","SNAPSHOT 2026-08-21: live Dual Port WEC variant and price verified; on-hand quantity not provided"
"NEEDS_PHYSICAL_COUNT","inventory_item","permanent_holiday","KIT-CC-200LB-D","RGBW+2 DEEP Pebble Complete Kit — 200 ft / Light Brown / Dual Port WEC","Minleon RGBW+2 DEEP Pebble System — 200 ft, Light Brown, Dual Port WEC","complete_kit","kit","kit","1","2199.00","2199.00000","SNAPSHOT","","","","sold_to_customer","consume","Permanent Holiday Lighting — RGBW+2 DEEP Pebble","permanent_holiday;rgbw2;deep_pebble","permanent;holiday-lighting;Minleon;RGBW+2;DEEP-Pebble;dual-port-WEC;200-ft;light-brown;complete-kit","Minleon Permanent Lighting","KIT-CC-200LB-D","48097754448039","inventory_cost","Choose one complete kit per system","https://minleonpermanentlighting.com/products/100-ft-rgb-starter-pack-minleon-permanent-lighting-demo-kit","SNAPSHOT 2026-08-21: live Dual Port WEC variant and price verified; on-hand quantity not provided"
"NEEDS_PHYSICAL_COUNT","inventory_item","permanent_holiday","KIT-CC-200BR-D","RGBW+2 DEEP Pebble Complete Kit — 200 ft / Brown / Dual Port WEC","Minleon RGBW+2 DEEP Pebble System — 200 ft, Brown, Dual Port WEC","complete_kit","kit","kit","1","2199.00","2199.00000","SNAPSHOT","","","","sold_to_customer","consume","Permanent Holiday Lighting — RGBW+2 DEEP Pebble","permanent_holiday;rgbw2;deep_pebble","permanent;holiday-lighting;Minleon;RGBW+2;DEEP-Pebble;dual-port-WEC;200-ft;brown;complete-kit","Minleon Permanent Lighting","KIT-CC-200BR-D","46663236059303","inventory_cost","Choose one complete kit per system","https://minleonpermanentlighting.com/products/100-ft-rgb-starter-pack-minleon-permanent-lighting-demo-kit","SNAPSHOT 2026-08-21: live Dual Port WEC variant and price verified; on-hand quantity not provided"
"NEEDS_PHYSICAL_COUNT","inventory_item","permanent_holiday","KIT-CC-200G-D","RGBW+2 DEEP Pebble Complete Kit — 200 ft / Grey / Dual Port WEC","Minleon RGBW+2 DEEP Pebble System — 200 ft, Grey, Dual Port WEC","complete_kit","kit","kit","1","2199.00","2199.00000","SNAPSHOT","","","","sold_to_customer","consume","Permanent Holiday Lighting — RGBW+2 DEEP Pebble","permanent_holiday;rgbw2;deep_pebble","permanent;holiday-lighting;Minleon;RGBW+2;DEEP-Pebble;dual-port-WEC;200-ft;grey;complete-kit","Minleon Permanent Lighting","KIT-CC-200G-D","46663236092071","inventory_cost","Choose one complete kit per system","https://minleonpermanentlighting.com/products/100-ft-rgb-starter-pack-minleon-permanent-lighting-demo-kit","SNAPSHOT 2026-08-21: live Dual Port WEC variant and price verified; on-hand quantity not provided"
"NEEDS_PHYSICAL_COUNT","inventory_item","permanent_holiday","KIT-CC-200BK-D","RGBW+2 DEEP Pebble Complete Kit — 200 ft / Black / Dual Port WEC","Minleon RGBW+2 DEEP Pebble System — 200 ft, Black, Dual Port WEC","complete_kit","kit","kit","1","2199.00","2199.00000","SNAPSHOT","","","","sold_to_customer","consume","Permanent Holiday Lighting — RGBW+2 DEEP Pebble","permanent_holiday;rgbw2;deep_pebble","permanent;holiday-lighting;Minleon;RGBW+2;DEEP-Pebble;dual-port-WEC;200-ft;black;complete-kit","Minleon Permanent Lighting","KIT-CC-200BK-D","46663236124839","inventory_cost","Choose one complete kit per system","https://minleonpermanentlighting.com/products/100-ft-rgb-starter-pack-minleon-permanent-lighting-demo-kit","SNAPSHOT 2026-08-21: live Dual Port WEC variant and price verified; on-hand quantity not provided"
"NEEDS_PHYSICAL_COUNT","inventory_item","permanent_holiday","KIT-CC-400W-D","RGBW+2 DEEP Pebble Complete Kit — 400 ft / White / Dual Port WEC","Minleon RGBW+2 DEEP Pebble System — 400 ft, White, Dual Port WEC","complete_kit","kit","kit","1","4099.00","4099.00000","SNAPSHOT","","","","sold_to_customer","consume","Permanent Holiday Lighting — RGBW+2 DEEP Pebble","permanent_holiday;rgbw2;deep_pebble","permanent;holiday-lighting;Minleon;RGBW+2;DEEP-Pebble;dual-port-WEC;400-ft;white;complete-kit","Minleon Permanent Lighting","KIT-CC-200W-D","46663236190375","inventory_cost","Choose one complete kit per system","https://minleonpermanentlighting.com/products/100-ft-rgb-starter-pack-minleon-permanent-lighting-demo-kit","SNAPSHOT 2026-08-21: live Dual Port WEC variant and price verified; on-hand quantity not provided; supplier SKU is duplicated/mislabeled as KIT-CC-200W-D, so the internal SKU and Shopify variant ID prevent merging"
"NEEDS_PHYSICAL_COUNT","inventory_item","permanent_holiday","KIT-CC-400S-D","RGBW+2 DEEP Pebble Complete Kit — 400 ft / Sand / Dual Port WEC","Minleon RGBW+2 DEEP Pebble System — 400 ft, Sand, Dual Port WEC","complete_kit","kit","kit","1","4099.00","4099.00000","SNAPSHOT","","","","sold_to_customer","consume","Permanent Holiday Lighting — RGBW+2 DEEP Pebble","permanent_holiday;rgbw2;deep_pebble","permanent;holiday-lighting;Minleon;RGBW+2;DEEP-Pebble;dual-port-WEC;400-ft;sand;complete-kit","Minleon Permanent Lighting","KIT-CC-400S-D","46663236321447","inventory_cost","Choose one complete kit per system","https://minleonpermanentlighting.com/products/100-ft-rgb-starter-pack-minleon-permanent-lighting-demo-kit","SNAPSHOT 2026-08-21: live Dual Port WEC variant and price verified; on-hand quantity not provided"
"NEEDS_PHYSICAL_COUNT","inventory_item","permanent_holiday","KIT-CC-400LB-D","RGBW+2 DEEP Pebble Complete Kit — 400 ft / Light Brown / Dual Port WEC","Minleon RGBW+2 DEEP Pebble System — 400 ft, Light Brown, Dual Port WEC","complete_kit","kit","kit","1","4099.00","4099.00000","SNAPSHOT","","","","sold_to_customer","consume","Permanent Holiday Lighting — RGBW+2 DEEP Pebble","permanent_holiday;rgbw2;deep_pebble","permanent;holiday-lighting;Minleon;RGBW+2;DEEP-Pebble;dual-port-WEC;400-ft;light-brown;complete-kit","Minleon Permanent Lighting","KIT-CC-400LB-D","48097754546343","inventory_cost","Choose one complete kit per system","https://minleonpermanentlighting.com/products/100-ft-rgb-starter-pack-minleon-permanent-lighting-demo-kit","SNAPSHOT 2026-08-21: live Dual Port WEC variant and price verified; on-hand quantity not provided"
"NEEDS_PHYSICAL_COUNT","inventory_item","permanent_holiday","KIT-CC-400BR-D","RGBW+2 DEEP Pebble Complete Kit — 400 ft / Brown / Dual Port WEC","Minleon RGBW+2 DEEP Pebble System — 400 ft, Brown, Dual Port WEC","complete_kit","kit","kit","1","4099.00","4099.00000","SNAPSHOT","","","","sold_to_customer","consume","Permanent Holiday Lighting — RGBW+2 DEEP Pebble","permanent_holiday;rgbw2;deep_pebble","permanent;holiday-lighting;Minleon;RGBW+2;DEEP-Pebble;dual-port-WEC;400-ft;brown;complete-kit","Minleon Permanent Lighting","KIT-CC-200BR-D","46663236223143","inventory_cost","Choose one complete kit per system","https://minleonpermanentlighting.com/products/100-ft-rgb-starter-pack-minleon-permanent-lighting-demo-kit","SNAPSHOT 2026-08-21: live Dual Port WEC variant and price verified; on-hand quantity not provided; supplier SKU is duplicated/mislabeled as KIT-CC-200BR-D, so the internal SKU and Shopify variant ID prevent merging"
"NEEDS_PHYSICAL_COUNT","inventory_item","permanent_holiday","KIT-CC-400G-D","RGBW+2 DEEP Pebble Complete Kit — 400 ft / Grey / Dual Port WEC","Minleon RGBW+2 DEEP Pebble System — 400 ft, Grey, Dual Port WEC","complete_kit","kit","kit","1","4099.00","4099.00000","SNAPSHOT","","","","sold_to_customer","consume","Permanent Holiday Lighting — RGBW+2 DEEP Pebble","permanent_holiday;rgbw2;deep_pebble","permanent;holiday-lighting;Minleon;RGBW+2;DEEP-Pebble;dual-port-WEC;400-ft;grey;complete-kit","Minleon Permanent Lighting","KIT-CC-400G-D","46663236255911","inventory_cost","Choose one complete kit per system","https://minleonpermanentlighting.com/products/100-ft-rgb-starter-pack-minleon-permanent-lighting-demo-kit","SNAPSHOT 2026-08-21: live Dual Port WEC variant and price verified; on-hand quantity not provided"
"NEEDS_PHYSICAL_COUNT","inventory_item","permanent_holiday","KIT-CC-400BK-D","RGBW+2 DEEP Pebble Complete Kit — 400 ft / Black / Dual Port WEC","Minleon RGBW+2 DEEP Pebble System — 400 ft, Black, Dual Port WEC","complete_kit","kit","kit","1","4099.00","4099.00000","SNAPSHOT","","","","sold_to_customer","consume","Permanent Holiday Lighting — RGBW+2 DEEP Pebble","permanent_holiday;rgbw2;deep_pebble","permanent;holiday-lighting;Minleon;RGBW+2;DEEP-Pebble;dual-port-WEC;400-ft;black;complete-kit","Minleon Permanent Lighting","KIT-CC-400BK-D","46663236288679","inventory_cost","Choose one complete kit per system","https://minleonpermanentlighting.com/products/100-ft-rgb-starter-pack-minleon-permanent-lighting-demo-kit","SNAPSHOT 2026-08-21: live Dual Port WEC variant and price verified; on-hand quantity not provided"
"NEEDS_PHYSICAL_COUNT","inventory_item","permanent_holiday","RGB+PT-12B","Power-T — Black","Minleon RGBW Power-T — Black","power_injection","each","each","1","25.95","25.95000","SNAPSHOT","","","","sold_to_customer","consume","Permanent Holiday Lighting — RGBW+2 DEEP Pebble","permanent_holiday;rgbw2;deep_pebble","permanent;holiday-lighting;Minleon;RGBW+2;Power-T;power-injection;black","Minleon Permanent Lighting","RGB+PT-12B","46626318614695","inventory_cost","As required after 200 lights; one is included in the 400-ft kit","https://minleonpermanentlighting.com/products/minleon-permanent-lighting-rgb-power-t","SNAPSHOT 2026-08-21: live variant and price verified; on-hand quantity not provided"
"NEEDS_PHYSICAL_COUNT","inventory_item","permanent_holiday","RGB+PT-12W","Power-T — White","Minleon RGBW Power-T — White","power_injection","each","each","1","25.95","25.95000","SNAPSHOT","","","","sold_to_customer","consume","Permanent Holiday Lighting — RGBW+2 DEEP Pebble","permanent_holiday;rgbw2;deep_pebble","permanent;holiday-lighting;Minleon;RGBW+2;Power-T;power-injection;white","Minleon Permanent Lighting","RGB+PT-12W","46626318647463","inventory_cost","As required after 200 lights; one is included in the 400-ft kit","https://minleonpermanentlighting.com/products/minleon-permanent-lighting-rgb-power-t","SNAPSHOT 2026-08-21: live variant and price verified; on-hand quantity not provided"
"NEEDS_PHYSICAL_COUNT","inventory_item","permanent_holiday","RGB+PT-12S","Power-T — Sand","Minleon RGBW Power-T — Sand","power_injection","each","each","1","25.95","25.95000","SNAPSHOT","","","","sold_to_customer","consume","Permanent Holiday Lighting — RGBW+2 DEEP Pebble","permanent_holiday;rgbw2;deep_pebble","permanent;holiday-lighting;Minleon;RGBW+2;Power-T;power-injection;sand","Minleon Permanent Lighting","RGB+PT-12S","46626318680231","inventory_cost","As required after 200 lights; one is included in the 400-ft kit","https://minleonpermanentlighting.com/products/minleon-permanent-lighting-rgb-power-t","SNAPSHOT 2026-08-21: live variant and price verified; on-hand quantity not provided"
"NEEDS_PHYSICAL_COUNT","inventory_item","permanent_holiday","RGB+BMT-4WB","Basic 4-Wire T — Black","Minleon RGBW Basic 4-Wire T — Black","splitter","each","each","1","9.95","9.95000","SNAPSHOT","","","","sold_to_customer","consume","Permanent Holiday Lighting — RGBW+2 DEEP Pebble","permanent_holiday;rgbw2;deep_pebble","permanent;holiday-lighting;Minleon;RGBW+2;4-wire-T;splitter;black","Minleon Permanent Lighting","RGB+BMT-4WB","46626313928871","inventory_cost","As required by branch layout; complete kits include quantities based on kit length","https://minleonpermanentlighting.com/products/minleon-permanent-lighting-rgb-basic-4-pin-t","SNAPSHOT 2026-08-21: live variant and price verified; on-hand quantity not provided"
"NEEDS_PHYSICAL_COUNT","inventory_item","permanent_holiday","RGB+BMT-4WW","Basic 4-Wire T — White","Minleon RGBW Basic 4-Wire T — White","splitter","each","each","1","9.95","9.95000","SNAPSHOT","","","","sold_to_customer","consume","Permanent Holiday Lighting — RGBW+2 DEEP Pebble","permanent_holiday;rgbw2;deep_pebble","permanent;holiday-lighting;Minleon;RGBW+2;4-wire-T;splitter;white","Minleon Permanent Lighting","RGB+BMT-4WW","46626313961639","inventory_cost","As required by branch layout; complete kits include quantities based on kit length","https://minleonpermanentlighting.com/products/minleon-permanent-lighting-rgb-basic-4-pin-t","SNAPSHOT 2026-08-21: live variant and price verified; on-hand quantity not provided"
"NEEDS_PHYSICAL_COUNT","inventory_item","permanent_holiday","RGB+BMT-4WS","Basic 4-Wire T — Sand","Minleon RGBW Basic 4-Wire T — Sand","splitter","each","each","1","9.95","9.95000","SNAPSHOT","","","","sold_to_customer","consume","Permanent Holiday Lighting — RGBW+2 DEEP Pebble","permanent_holiday;rgbw2;deep_pebble","permanent;holiday-lighting;Minleon;RGBW+2;4-wire-T;splitter;sand","Minleon Permanent Lighting","RGB+BMT-4WS","46626313994407","inventory_cost","As required by branch layout; complete kits include quantities based on kit length","https://minleonpermanentlighting.com/products/minleon-permanent-lighting-rgb-basic-4-pin-t","SNAPSHOT 2026-08-21: live variant and price verified; on-hand quantity not provided"
"NEEDS_PHYSICAL_COUNT","inventory_item","permanent_holiday","RGB+SR-B","Signal Booster (2 pieces) — Black","Minleon RGBW Signal Booster Kit — Black","signal_booster","each","each","1","25.00","25.00000","SNAPSHOT","","","","sold_to_customer","consume","Permanent Holiday Lighting — RGBW+2 DEEP Pebble","permanent_holiday;rgbw2;deep_pebble","permanent;holiday-lighting;Minleon;RGBW+2;signal-booster;sender;receiver;black","Minleon Permanent Lighting","RGB+2 SR","46626327494823","inventory_cost","One sender/receiver kit per spacer jump up to 200 ft","https://minleonpermanentlighting.com/products/minleon-permanent-lighting-rgb-signal-booster","SNAPSHOT 2026-08-21: live variant and price verified; on-hand quantity not provided; White and Sand share supplier SKU RGB+SRW, so the internal color SKU and Shopify variant ID prevent merging"
"NEEDS_PHYSICAL_COUNT","inventory_item","permanent_holiday","RGB+SR-W","Signal Booster (2 pieces) — White","Minleon RGBW Signal Booster Kit — White","signal_booster","each","each","1","25.00","25.00000","SNAPSHOT","","","","sold_to_customer","consume","Permanent Holiday Lighting — RGBW+2 DEEP Pebble","permanent_holiday;rgbw2;deep_pebble","permanent;holiday-lighting;Minleon;RGBW+2;signal-booster;sender;receiver;white","Minleon Permanent Lighting","RGB+SRW","46626327527591","inventory_cost","One sender/receiver kit per spacer jump up to 200 ft","https://minleonpermanentlighting.com/products/minleon-permanent-lighting-rgb-signal-booster","SNAPSHOT 2026-08-21: live variant and price verified; on-hand quantity not provided; White and Sand share supplier SKU RGB+SRW, so the internal color SKU and Shopify variant ID prevent merging"
"NEEDS_PHYSICAL_COUNT","inventory_item","permanent_holiday","RGB+SR-S","Signal Booster (2 pieces) — Sand","Minleon RGBW Signal Booster Kit — Sand","signal_booster","each","each","1","25.00","25.00000","SNAPSHOT","","","","sold_to_customer","consume","Permanent Holiday Lighting — RGBW+2 DEEP Pebble","permanent_holiday;rgbw2;deep_pebble","permanent;holiday-lighting;Minleon;RGBW+2;signal-booster;sender;receiver;sand","Minleon Permanent Lighting","RGB+SRW","50897901912231","inventory_cost","One sender/receiver kit per spacer jump up to 200 ft","https://minleonpermanentlighting.com/products/minleon-permanent-lighting-rgb-signal-booster","SNAPSHOT 2026-08-21: live variant and price verified; on-hand quantity not provided; White and Sand share supplier SKU RGB+SRW, so the internal color SKU and Shopify variant ID prevent merging"
"NEEDS_PHYSICAL_COUNT","inventory_item","permanent_holiday","RGB+5A-24V","Minleon 5 Amp Power Supply","Minleon 24V 5A RGBW Power Supply","power_supply","each","each","1","104.95","104.95000","SNAPSHOT","","","","sold_to_customer","consume","Permanent Holiday Lighting — RGBW+2 DEEP Pebble","permanent_holiday;rgbw2;deep_pebble","permanent;holiday-lighting;Minleon;RGBW;power-supply;24V;5A;120W;power-injection","Minleon Permanent Lighting","RGB+5A-24V","46626313797799","inventory_cost","As required for controller or Power-T injection; included in the 400-ft kit","https://minleonpermanentlighting.com/products/minleon-permanent-lighting-power-supply?variant=46626313797799","SNAPSHOT 2026-08-21: selected 5A variant and price verified; on-hand quantity not provided"
"NEEDS_PHYSICAL_COUNT","inventory_item","permanent_holiday","B08282SQPT","Gratury IP67 Waterproof ABS Junction Box — Grey 11.4 x 7.5 x 5.5 in","Permanent Lighting Controller Enclosure — IP67 Grey","controller_enclosure","each","each","1","24.99","24.99000","SNAPSHOT","","","","sold_to_customer","consume","Permanent Holiday Lighting — RGBW+2 DEEP Pebble","permanent_holiday;rgbw2;deep_pebble","permanent;holiday-lighting;controller-enclosure;IP67;grey;ABS;mandatory;one-per-system;amazon","Amazon","B08282SQPT","","inventory_cost","Required quantity 1 per permanent-lighting system","https://www.amazon.com/dp/B08282SQPT","NEEDS_ELECTRICAL_COMPLIANCE_VERIFICATION: listing does not confirm UL/NRTL approval for line-voltage equipment; drilled entries require rated cable glands"
"NEEDS_PHYSICAL_COUNT","inventory_item","christmas","XMAS-5MM-WW-70-4","Warm White 70ct 4in","5MM LED Mini Light Strand — Warm White, 70ct, 4in Spacing","5MM Lights","strand","strand","1","11.984","11.984","EXACT","","","","company_owned","checkout_return","Classic / Better — The Classic | Premier / Best — The Premier","classic;premier","christmas;leased;company-owned;5mm;mini-lights;70ct;4-in-spacing;warm-white;primary","Ewing","","","inventory_cost","","","Primary 5MM strand; count by strand; assign to job then inspect and return to storage"
"NEEDS_PHYSICAL_COUNT","inventory_item","christmas","XMAS-5MM-RED-70-4","Red 70ct 4in","5MM LED Mini Light Strand — Red, 70ct, 4in Spacing","5MM Lights","strand","strand","1","11.984","11.984","EXACT","","","","company_owned","checkout_return","Classic / Better — The Classic | Premier / Best — The Premier","classic;premier","christmas;leased;company-owned;5mm;mini-lights;70ct;4-in-spacing;red;multicolor-component","Ewing","","","inventory_cost","","","Multicolor component; do not create a separate multicolor SKU"
"NEEDS_PHYSICAL_COUNT","inventory_item","christmas","XMAS-5MM-GREEN-70-4","Green 70ct 4in","5MM LED Mini Light Strand — Green, 70ct, 4in Spacing","5MM Lights","strand","strand","1","11.984","11.984","EXACT","","","","company_owned","checkout_return","Classic / Better — The Classic | Premier / Best — The Premier","classic;premier","christmas;leased;company-owned;5mm;mini-lights;70ct;4-in-spacing;green;multicolor-component","Ewing","","","inventory_cost","","","Multicolor component; do not create a separate multicolor SKU"
"NEEDS_PHYSICAL_COUNT","inventory_item","christmas","XMAS-5MM-BLUE-70-4","Blue 70ct 4in","5MM LED Mini Light Strand — Blue, 70ct, 4in Spacing","5MM Lights","strand","strand","1","11.984","11.984","EXACT","","","","company_owned","checkout_return","Classic / Better — The Classic | Premier / Best — The Premier","classic;premier","christmas;leased;company-owned;5mm;mini-lights;70ct;4-in-spacing;blue;multicolor-component","Ewing","","","inventory_cost","","","Multicolor component; do not create a separate multicolor SKU"
"NEEDS_PHYSICAL_COUNT","inventory_item","christmas","XMAS-5MM-YELLOW-70-4","Yellow 70ct 4in","5MM LED Mini Light Strand — Yellow, 70ct, 4in Spacing","5MM Lights","strand","strand","1","11.984","11.984","EXACT","","","","company_owned","checkout_return","Classic / Better — The Classic | Premier / Best — The Premier","classic;premier","christmas;leased;company-owned;5mm;mini-lights;70ct;4-in-spacing;yellow;multicolor-component","Ewing","","","inventory_cost","","","Multicolor component; do not create a separate multicolor SKU"
"NEEDS_PHYSICAL_COUNT","inventory_item","christmas","XMAS-5MM-ORANGE-70-4","Orange 70ct 4in","5MM LED Mini Light Strand — Orange, 70ct, 4in Spacing","5MM Lights","strand","strand","1","11.984","11.984","EXACT","","","","company_owned","checkout_return","Classic / Better — The Classic | Premier / Best — The Premier","classic;premier","christmas;leased;company-owned;5mm;mini-lights;70ct;4-in-spacing;orange;multicolor-component","Ewing","","","inventory_cost","","","Multicolor component; do not create a separate multicolor SKU"
"NEEDS_PHYSICAL_COUNT","inventory_item","christmas","XMAS-C9-WW-SB-BULB","Warm White Superbrite Bulb","C9 Superbrite LED Bulb — Warm White","C9","each","each","1","0.6848","0.6848","EXACT","","","","company_owned","checkout_return","Essential / Good — The Essential | Classic / Better — The Classic | Premier / Best — The Premier","essential;classic;premier","christmas;leased;company-owned;C9;bulb;warm-white;superbrite;roofline","Ewing","","","inventory_cost","","","At 15in spacing use 0.8 bulbs per roofline foot; inspect and replace failed bulbs after takedown"
"NEEDS_PHYSICAL_COUNT","inventory_item","christmas","XMAS-C9-SOCKET-GRN-15","15in Green Socket Wire","C9 Green Socket Wire — 15in Spacing","C9","linear_ft","linear_ft","1","0.261","0.261","EXACT","","","","company_owned","checkout_return","Essential / Good — The Essential | Classic / Better — The Classic | Premier / Best — The Premier","essential;classic;premier","christmas;leased;company-owned;C9;socket-wire;green;15-in-spacing;roofline;cut-to-job","Ewing","","","inventory_cost","","","Track bulk footage before cutting and customer-specific assemblies after cutting"
"NEEDS_PHYSICAL_COUNT","inventory_item","christmas","XMAS-C9-TOUGH-CLIP","Tough Clip","C9 Tough Clip","C9","each","each","1","0.29","0.29","APPROXIMATE","","","","company_owned","checkout_return","Essential / Good — The Essential | Classic / Better — The Classic | Premier / Best — The Premier","essential;classic;premier","christmas;leased;company-owned;C9;tough-clip;roofline;hardware","Ewing","","","inventory_cost","","","Budget 0.8 clips per roofline foot at 15in spacing; expect breakage and loss attrition"
"VERIFIED_DERIVED","cost_rule","christmas","XMAS-C9-ASSEMBLY-RAW","Complete C9 Assembly","C9 Roofline Assembly — Raw Material Cost","C9 Derived Cost","linear_ft","linear_ft","1","","1.04","APPROXIMATE","","","","not_applicable","cost_rule","Essential / Good — The Essential | Classic / Better — The Classic | Premier / Best — The Premier","essential;classic;premier","christmas;C9;roofline;assembly;raw-material-cost;non-stock","","","","estimate_only_non_stock","","","Non-stock rule; approximate formula is socket wire $0.261 + 0.8 bulb × $0.6848 + 0.8 clip × ~$0.29 = $1.04084 per ft"
"VERIFIED_DERIVED","cost_rule","christmas","XMAS-C9-COGS-BUDGET","C9 Budgeted COGS","C9 Roofline Budgeted Material COGS","C9 Derived Cost","linear_ft","linear_ft","1","","1.15","BUDGET","","","","not_applicable","cost_rule","Essential / Good — The Essential | Classic / Better — The Classic | Premier / Best — The Premier","essential;classic;premier","christmas;C9;roofline;budgeted-COGS;waste-buffer;non-stock","","","","estimate_cogs_non_stock","","","Use for estimates instead of raw component sum; 250 ft = $287.50; never receive or count this as physical inventory"
"NEEDS_PHYSICAL_COUNT","inventory_item","christmas","XMAS-WIRE-GREEN-NOSOCKET","No-Socket Green Wire","Green No-Socket Extension Wire","Electrical","linear_ft","linear_ft","1","0.1935","0.1935","EXACT","","","","company_owned","checkout_return","Christmas — Shared Infrastructure","essential;classic;premier;shared","christmas;leased;company-owned;electrical;green-wire;no-socket;extension;shared;cut-to-job","Ewing","","","inventory_cost","","","Track bulk footage before cutting and customer-specific extension assemblies after cutting"
"NEEDS_PHYSICAL_COUNT","inventory_item","christmas","XMAS-PLUG-MALE-GREEN-10A","Male Plug 10A Green","Green Male Plug — 10A","Electrical","each","each","1","0.72","0.72","EXACT","","","","company_owned","checkout_return","Christmas — Shared Infrastructure","essential;classic;premier;shared","christmas;leased;company-owned;electrical;male-plug;10A;green;shared","Ewing","","","inventory_cost","","","Installed on reusable customer-specific extension assemblies; expect loss and damage attrition"
"NEEDS_PHYSICAL_COUNT","inventory_item","christmas","XMAS-PLUG-FEMALE-GREEN-10A","Female Plug 10A Green","Green Female Plug — 10A","Electrical","each","each","1","0.72","0.72","EXACT","","","","company_owned","checkout_return","Christmas — Shared Infrastructure","essential;classic;premier;shared","christmas;leased;company-owned;electrical;female-plug;10A;green;shared","Ewing","","","inventory_cost","","","Installed on reusable customer-specific extension assemblies; expect loss and damage attrition"
"NEEDS_PHYSICAL_COUNT","inventory_item","christmas","XMAS-TIMER-HD-DIGITAL-2","HD Outdoor Digital Timer 2-Outlet","Heavy-Duty Outdoor Digital Timer — 2 Outlet","Controls","each","each","1","27.00","27.00","EXACT","","","","company_owned","checkout_return","Christmas — Shared Infrastructure","essential;classic;premier;shared","christmas;leased;company-owned;control;digital-timer;outdoor;2-outlet;standard;shared","Ewing","","","inventory_cost","","","Standard Christmas timer; analog timers excluded unless later added as a separate SKU"
"NEEDS_PHYSICAL_COUNT","inventory_item","christmas","XMAS-GARLAND-PRELIT-9","9ft Pre-lit Garland","9-Foot Pre-Lit Garland","Greenery","each","each","1","90.00","90.00","APPROXIMATE","","","","company_owned","checkout_return","Premier / Best — The Premier","premier","christmas;leased;company-owned;greenery;garland;pre-lit;9-ft;premier","","","","inventory_cost","","","Unlit greenery excluded; inspect lights, frame, and foliage condition after takedown"
"NEEDS_PHYSICAL_COUNT","inventory_item","christmas","XMAS-WREATH-PRELIT-36-100","36in Pre-lit Wreath 100 LED","36-Inch Pre-Lit Wreath — 100 LED","Greenery","each","each","1","99.00","99.00","EXACT","","","","company_owned","checkout_return","Premier / Best — The Premier","premier","christmas;leased;company-owned;greenery;wreath;pre-lit;36-in;100-LED;premier","Ewing","","","inventory_cost","","","Track by size and inspect frame, foliage, lights, and hanging hardware after takedown"
"NEEDS_PHYSICAL_COUNT","inventory_item","christmas","XMAS-WREATH-PRELIT-48-200","48in Pre-lit Wreath 200 LED","48-Inch Pre-Lit Wreath — 200 LED","Greenery","each","each","1","197.00","197.00","EXACT","","","","company_owned","checkout_return","Premier / Best — The Premier","premier","christmas;leased;company-owned;greenery;wreath;pre-lit;48-in;200-LED;premier","Ewing","","","inventory_cost","","","Track by size and inspect frame, foliage, lights, and hanging hardware after takedown"
"NEEDS_PHYSICAL_COUNT","inventory_item","christmas","XMAS-WREATH-PRELIT-60-400","60in Pre-lit Wreath 400 LED","60-Inch Pre-Lit Wreath — 400 LED","Greenery","each","each","1","385.00","385.00","EXACT","","","","company_owned","checkout_return","Premier / Best — The Premier","premier","christmas;leased;company-owned;greenery;wreath;pre-lit;60-in;400-LED;premier","Ewing","","","inventory_cost","","","Track by size and inspect frame, foliage, lights, and hanging hardware after takedown"
"NEEDS_PHYSICAL_COUNT","inventory_item","christmas","XMAS-WREATH-PRELIT-72-600","72in Pre-lit Wreath 600 LED","72-Inch Pre-Lit Wreath — 600 LED","Greenery","each","each","1","520.00","520.00","EXACT","","","","company_owned","checkout_return","Premier / Best — The Premier","premier","christmas;leased;company-owned;greenery;wreath;pre-lit;72-in;600-LED;premier","Ewing","","","inventory_cost","","","Track by size and inspect frame, foliage, lights, and hanging hardware after takedown"
"NEEDS_PHYSICAL_COUNT","inventory_item","christmas","XMAS-BOW-15X28","15in x 28in Bow","Christmas Bow — 15 × 28 Inches","Bows","each","each","1","8.99","8.99","EXACT","","","","company_owned","checkout_return","Premier / Best — The Premier | Add-on","premier;add-on","christmas;leased;company-owned;bow;15x28-in;premier;add-on","Ewing","","","inventory_cost","","","Reusable decor accessory; inspect fabric, loops, tails, and attachment hardware after takedown"
"NEEDS_PHYSICAL_COUNT","inventory_item","christmas","XMAS-BOW-18X52","18in x 52in Bow","Christmas Bow — 18 × 52 Inches","Bows","each","each","1","12.99","12.99","EXACT","","","","company_owned","checkout_return","Premier / Best — The Premier | Add-on","premier;add-on","christmas;leased;company-owned;bow;18x52-in;premier;add-on","Ewing","","","inventory_cost","","","Reusable decor accessory; inspect fabric, loops, tails, and attachment hardware after takedown"
"NEEDS_PHYSICAL_COUNT","inventory_item","christmas","XMAS-C7-SOCKET-GRN-24","C7 1000ft Green Socket Wire 24in Spacing","C7 Green Socket Wire — 24in Spacing with Integrated Clips (Trees Over 25 ft)","C7","linear_ft","linear_ft","1","0.265","0.265","EXACT","","","","company_owned","checkout_return","Classic / Better — The Classic | Premier / Best — The Premier","classic;premier","christmas;leased;company-owned;C7;socket-wire;E12;green;24-in-spacing;integrated-clips;large-tree;over-25-ft;cut-to-job","Lights at Wholesale","087C","","inventory_cost","","","Use only for trees above 25 ft; 1000-ft spool with approximately 500 integrated E12 sockets; integrated clips mean no separate Tough Clip cost"
"NEEDS_PHYSICAL_COUNT","inventory_item","christmas","XMAS-C7-WW-SMD-BULB","C7 SMD LED Warm White Bulb 1000/Case","C7 SMD LED Bulb — Warm White 2800–3200K (Trees Over 25 ft)","C7","each","each","1","0.699","0.699","EXACT","","","","company_owned","checkout_return","Classic / Better — The Classic | Premier / Best — The Premier","classic;premier","christmas;leased;company-owned;C7;SMD;LED;bulb;E12;warm-white;2800-3200K;large-tree;over-25-ft","Lights at Wholesale","227C","","inventory_cost","","","Use only for trees above 25 ft; selected 1000-bulb case costs $699; use 0.5 bulbs per linear foot with 24in spacing"
"VERIFIED_DERIVED","cost_rule","christmas","XMAS-C7-ASSEMBLY-RAW","Complete C7 Assembly","C7 Large-Tree Assembly — Raw Material Cost","C7 Derived Cost","linear_ft","linear_ft","1","","0.6145","EXACT","","","","not_applicable","cost_rule","Classic / Better — The Classic | Premier / Best — The Premier","classic;premier","christmas;C7;large-tree;over-25-ft;assembly;raw-material-cost;integrated-clips;non-stock","","","","estimate_only_non_stock","","","Use only for trees above 25 ft; non-stock rule: socket wire $0.265 + 0.5 bulb × $0.699 = $0.6145 per ft; no separate clip cost"
